folder,guid,name,file
ambulance,b71f2d8b186c4eecab2b8433edfba1e8,"Ambulance",ambulance.png
ambulance_german,b7f4471f19484550a17c5e6505d822f5,"Ambulance",ambulance-ambulance-german.png
an2,d8811bc349b14d808b713b6e87dcdd70,"Annushka",annushka.png
apc,6f56dc58382349b79793f9ba8839774e,"APC",apc.png
bicycle,ffe53c6ac046419fa0969c4002934c16,"Bicycle",bicycle.png
blimp,eaa0ccbc561d4a68a58c2dadad3d51f7,"Blimp",blimp.png
bus,e3a51d77b1174f438ee099b63476f5f4,"Bus",bus.png
dirtbike,b6dc4ac9a9984ebb9894fa05a6fe68ed,"Dirtbike",dirtbike.png
dirtbike_police,a95ecac3b5304691a07707039020364a,"Police Motorcycle",police-motorcycle.png
dumptruck,019a8e4bfada44bcb2783e64dca11f1a,"Dumptruck",dumptruck.png
eagle_germany,ff6021c06024479482f38dce11f2ccf4,"Eagle",eagle.png
explorer,e41b10018a1e4a219b9e132b603b11a3,"Explorer",explorer.png
fighter_jet,500a4bf5048648a6b1bad8c78874fe13,"Fighter Jet",fighter-jet.png
firetruck,5c58496c74e3442fbb76d7a6d0135c95,"Firetruck",firetruck.png
firetruck_german,287fd90a6f3c4d1a95a7a4ad2255b6a1,"Firetruck",firetruck-firetruck-german.png
gaz,dc27f2c57d0748788bf10a4efabd9a58,"Toiler",toiler.png
golfcart,d5f3e92d79a84d99baccf0f0c08f0555,"Golfcart",golfcart.png
hatchback,96a348cc310b4e5982f8d2cfcd9e9180,"Hatchback",hatchback.png
hatchback_rainbow,a47074331985476ba66abdacb80049f3,"Rainbow Hatchback",rainbow-hatchback.png
hind,0999953ab4b846f0990b7a4ae3a51d9e,"Attack Heli",attack-heli.png
huey,5f150e4d56194f5cb478317651b476b5,"Transport Heli",transport-heli.png
hummingbird_police,b6d9a1bf763747e6888b77a7070e1f10,"Police Helicopter",police-helicopter.png
hummingbird_police_german,af5c1b8fb83a4f2885bcee624473e222,"Police Helicopter",police-helicopter-hummingbird-police-german.png
hummingbird_spec_ops,e2850722c85c4871afbb94c670f56c20,"Hummingbird",hummingbird.png
humvee,48087f6ed2084186a92347962eb72f4b,"Armored Offroader",armored-offroader.png
jeep,82e07667f07e42279dce024116b322d4,"Military Offroader",military-offroader.png
jetski,66261510c9b04cbab68fd28789122632,"Jetski",jetski.png
luggage_car,655fdb8128c743f586c92bbc65f99d9c,"Luggage Car",luggage-car.png
makeshift_vehicle_1_seat,857729912ade480db7771d77f47d9f0c,"Makeshift Vehicle",makeshift-vehicle.png
makeshift_vehicle_4_seats,4fbb4d13456a4d58b819237b8660a829,"Makeshift Vehicle",makeshift-vehicle-makeshift-vehicle-4-seats.png
makeshift_vehicle_6_seats,6322e9a025eb4ff78a540ebbeedb2873,"Makeshift Vehicle",makeshift-vehicle-makeshift-vehicle-6-seats.png
moon_buggy,a3fc0d4177394bc79e444f063c2ebf1b,"Moon Buggy",moon-buggy.png
off_roader,e0f8b4b23249483a9cd5c1402e2170fb,"Offroader",offroader.png
orca,d5efeb331b40409c9ef6df1f24174dc9,"Orca",orca.png
otter,5427f351f9544423b4292aef76994871,"Otter",otter.png
phantom,b45967bfb1d34a02b7c4f880f3a83217,"Ghost",ghost.png
police,7944a2cec1cd4a9a93e462ceac248884,"Police Car",police-car.png
police_german,71d652d7f28a4835b557c5ae702ce2a9,"Police Car",police-car-police-german.png
quad,f65dec9bc1484a1fae6dbd6c10c51124,"Quad",quad.png
racecar,0e119557092d479e9f9b3b696cc3e78e,"Racecar",racecar.png
roadster,5b409fa741d64e228f36fa93124f61d4,"Roadster",roadster.png
runabout,cd3cf0d5b4204075a6ddc120216ff937,"Runabout",runabout.png
runabout_police,549d5009500f4eab89c513a71334d319,"Police Launch",police-launch.png
sandpiper,1b8ade85b0d44fe09ba60a70df1cdcf1,"Sandpiper",sandpiper.png
sedan,8c32debcf1974cd7a24a46779872c205,"Sedan",sedan.png
skycrane,2b5916486864477598987efbced60ed1,"Skycrane",skycrane.png
snowmobile,35b0b159124f405694a7a624e6707265,"Snowmobile",snowmobile.png
suv,8ac49fc7efb440c4a5d2fe04f345f418,"SUV",suv.png
swat_truck,7111694330cc403cb76f3e9344ac9001,"Prison Truck",prison-truck.png
tank,20044da6daee4a12bba1b35eaa4c61e0,"Tank",tank.png
taxi,c45d7632cd5f44eab7ef7f1976a35544,"Taxi",taxi.png
tractor_0,cd810d134e294b208d43a460ba81a9cb,"Tractor",tractor.png
tractor_1,bc985bbb6abf4681aaf2aeed5a7fa29a,"Tractor",tractor-tractor-1.png
train_cargo_0,7496377d88a5477b92ce7be3f063ba11,"Cargo Train",cargo-train.png
train_cargo_1,cf68c4ad2260480792e144765ab6c999,"Cargo Train",cargo-train-train-cargo-1.png
truck,e7105217d65f4c5e8d00b0989538f57f,"Truck",truck.png
ural,c00faf98ea6b449f833f768f76f54805,"Ural",ural.png
van,26ca133af3024f95af078b1f609e7f4b,"Van",van.png
vodnik,7e1730cbe8734063929528af25eb60a0,"Vodyanov",vodyanov.png
volga,4c40df3f718c4c95ac1ad137473cb879,"Auto",auto.png
vw_golf,c3617378ce484cdea50d6b3b6ee105aa,"Rally Car",rally-car.png
vw_kafer,0e67fcb26f5c49b18ca29144ee0302cf,"Beetle",beetle.png
zodiak,491112caccc14a3fa1f6ef0c40f8e76e,"Dinghy",dinghy.png
